COD,PRODUCTO,MARCA
2001,Creatina Animal 60 serv - Universal Nutrition,Universal Nutrition
2002,Creatina Animal 100 serv - Universal Nutrition,Universal Nutrition
2003,Creatina IMN 133 serv - IMN,IMN
2004,Creatina ON  60 serv - Optimun Nutrition,Optimun Nutrition
2005,Creatina ON 120 serv - Optimun Nutrition,Optimun Nutrition
2006,Creatina Platinum Micronized 80 serv - Muscletech,Muscletech
2008,,
2009,Creatina IN 100 serv - Iron Nutrition,Iron Nutrition
2013,Creatina Legacy 50 serv - Proscience - Frutos rojos,Proscience
2014,Creatina Legacy 50 serv - Proscience - Uva,Proscience
2015,Creatina Legacy 50 serv - Proscience - Sandía,Proscience
2016,Creatina Legacy 50 serv - Proscience - Mandarina,Proscience
2017,Creatina Creatomic 60 serv - SmartMuscle - Morazul,SmartMuscle
2018,Creatina Creatomic 60 serv - SmartMuscle - Naranja,SmartMuscle
2019,Creatina Creastack 60 serv - Nutramerican Pharma,Nutramerican Pharma
2020,Creatina Smart Atack 32 serv - Smart Nutrition,Smart Nutrition
2021,Creatina Healthy 50 serv - Healthy Sports,Healthy Sports
2022,Creatina Healthy 100 serv - Healthy Sports,Healthy Sports
2023,Creatina Monohidratada 60 serv - Nutrex,Nutrex
2024,,
2025,,
2027,Creatina IMN 50 serv Bolsa - IMN,IMN
2028,Creatina HCL IMN 50 serv - IMN,IMN
2029,Creatina Dymatize 300g - Dymatize,Dymatize
2030,Creatina Creasmart 550g - Smart Nutrition,Smart Nutrition
2031,Creatina Legend 30 serv - Fitmafia,Fitmafia
2032,Creatina Legend 50 serv - Fitmafia ,Fitmafia
2033,Creatina Legacy 30 serv - Proscience ,Proscience
2034,Creatina Legacy Plus 30 serv - Proscience ,Proscience
2035,Creatina Legacy Plus 50 serv - Proscience ,Proscience
2036,Creatina Legacy Caja Sachet x32 - Proscience,Proscience
2037,Creatina Legacy Sachet - Proscience,Proscience
2038,Creatina Creastack Sachet - Nutramerican Pharma,Nutramerican Pharma
2039,Creatina Creastack Caja Sachet x25 - Nutramerican Pharma,Nutramerican Pharma
2040,Creatina Monohidratada 200 serv - Nutrex,Nutrex
2041,Creatina 300g - Dragon Pharma,Dragon Pharma
2042,Creatina 1kg - Dragon Pharma,Dragon Pharma
2045,Creatina Creasmart 550g - Smart Nutrition - Sin sabor,Smart Nutrition
,,
2100,Animal Whey Protein Isolate Loaded 2 Lb - Universal Nutrition - Vainilla,Universal Nutrition
2101,Best Protein 1lb - Proscience - Vainilla Gourmet,Proscience
2102,Best Protein 1lb - Proscience - Chocolate Gourmet,Proscience
2103,Best Protein 2lb - Proscience - Vainilla Gourmet,Proscience
2104,Best Protein 2lb - Proscience - Chocolate Gourmet,Proscience
2105,Best Protein 2lb - Proscience - Coco Blue,Proscience
2106,Best Protein 2lb - Proscience - Arequipe,Proscience
2107,Best Protein 2lb - Proscience - Fresa,Proscience
2108,Best Protein 4lb - Proscience - Vainilla Gourmet,Proscience
2109,Best Protein 4lb - Proscience - Chocolate Gourmet,Proscience
2110,Best Protein 4lb - Proscience - Coco Blue,Proscience
2111,Best Protein 4lb - Proscience - Fresa,Proscience
2112,Best Whey 2lb - Proscience - Vainilla Gourmet,Proscience
2113,Best Whey 2lb - Proscience - Arequipe,Proscience
2114,Best Vegan 2lb - Proscience - Chocolate,Proscience
2115,Best Vegan 2lb - Proscience - Vainilla,Proscience
2116,Bi Pro Classic 1lb - Nutramerican Pharma - Vainilla,Nutramerican Pharma
2117,Bi Pro Classic 2lb - Nutramerican Pharma - Vainilla,Nutramerican Pharma
2118,Bi Pro Classic 2lb - Nutramerican Pharma - Chocolate,Nutramerican Pharma
2119,Bi Pro Classic 3lb - Nutramerican Pharma - Vainilla,Nutramerican Pharma
2120,Bi Pro Classic 3lb - Nutramerican Pharma - Cookies and Cream,Nutramerican Pharma
2121,Bi Pro Lite 2.4lb - Nutramerican Pharma - Vainilla,Nutramerican Pharma
2122,Carnivor Proteína 2lb - MuscleMeds - Chocolate,MuscleMeds
2123,Carnivor Proteína - MuscleMeds - Chocolate 4 lb ,MuscleMeds
2124,Carnivor Proteína - MuscleMeds - Vainilla Caramel 4 lb ,MuscleMeds
2125,Carnivor Proteína - MuscleMeds - Cookies and Cream 4 lb ,MuscleMeds
2126,Gold Standard 100% Isolate 3lb - Optimun Nutrition - Vainilla,Optimun Nutrition
2127,Iso 100 1.3lb - Dymatize - Vainilla ,Dymatize
2128,Iso 100 1.3lb - Dymatize - Chocolate,Dymatize
2129,Iso 100 1.3lb - Dymatize - Cookies and Cream,Dymatize
2130,Iso 100 1.3lb - Dymatize - Brownie,Dymatize
2131,Iso 100 1.3lb - Dymatize - Chocolate Peanut Butter,Dymatize
2132,Iso 100 1.3lb - Dymatize - Strawberry,Dymatize
2133,Iso 100 1.3lb - Dymatize - Cocoa Pebbles,Dymatize
2134,Iso 100 1.3lb - Dymatize - Birthday Cake,Dymatize
2135,Iso 100 1.3lb - Dymatize - Fruity Pebbles,Dymatize
2136,Iso 100 3lb - Dymatize - Vainilla,Dymatize
2137,Iso 100 3lb - Dymatize - Chocolate,Dymatize
2138,Iso 100 3lb - Dymatize - Cookies and Cream,Dymatize
2139,Iso 100 3lb - Dymatize - Brownie,Dymatize
2140,Iso 100 3lb - Dymatize - Chocolate Peanut Butter,Dymatize
2141,Iso 100 3lb - Dymatize - Strawberry,Dymatize
2142,Iso 100 3lb - Dymatize - Cocoa Pebbles,Dymatize
2143,Iso 100 3lb - Dymatize - Birthday Cake,Dymatize
2144,Iso 100 3lb - Dymatize - Fruity Pebbles,Dymatize
2145,Iso 100 5lb - Dymatize - Vainilla,Dymatize
2146,Iso 100 5lb - Dymatize - Chocolate,Dymatize
2147,Iso 100 5lb - Dymatize - Cookies and Cream,Dymatize
2148,Iso 100 5lb - Dymatize - Brownie,Dymatize
2149,Iso 100 5lb - Dymatize - Chocolate Peanut Butter,Dymatize
2150,Iso 100 5lb - Dymatize - Strawberry,Dymatize
2151,Iso 100 5lb - Dymatize - Cocoa Pebbles,Dymatize
2152,Iso 100 5lb - Dymatize - Birthday Cake,Dymatize
2153,Iso 100 5lb - Dymatize - Fruity Pebbles,Dymatize
2154,Nitrotech 100% Whey Gold 2lb - Muscletech - Vainilla,Muscletech
2155,Nitrotech 100% Whey Gold 5lb - Muscletech - Vainilla,Muscletech
2156,Nitrotech 100% Whey Gold 5lb - Muscletech - Chocolate,Muscletech
2157,Nitrotech 100% Whey Gold 10lb - Muscletech - Vainilla,Muscletech
2158,Nitrotech 100% Whey Protein 10lb - Muscletech - Vainilla,Muscletech
2159,Whey Gold Standard 1.5lb - Optimum Nutrition -Vainilla,Optimum Nutrition
2160,Whey Gold Standard 2lb - Optimum Nutrition - Vainilla,Optimum Nutrition
2161,Whey Gold Standard 2lb - Optimum Nutrition - Chocolate,Optimum Nutrition
2162,Whey Gold Standard 2lb - Optimum Nutrition - Cookies and Cream,Optimum Nutrition
2163,Whey Gold Standard 5lb - Optimum Nutrition - Vainilla,Optimum Nutrition
2164,Whey Gold Standard 5lb - Optimum Nutrition - Chocolate,Optimum Nutrition
2165,Whey Gold Standard 5lb - Optimum Nutrition - Cookies and Cream,Optimum Nutrition
2166,Whey Gold Standard 5lb - Optimum Nutrition - Fresa,Optimum Nutrition
2167,Whey Gold Standard 10lb - Optimum Nutrition - Vainilla,Optimum Nutrition
2168,Whey Pure 1lb - Smart Nutrition - Vainilla,Smart Nutrition
2169,Whey Pure 1lb - Smart Nutrition - Chocolate,Smart Nutrition
2170,Whey Pure 1lb- Smart Nutrition - Fresa,Smart Nutrition
2171,Whey Pure 2lb - Smart Nutrition - Vainilla,Smart Nutrition
2172,Whey Pure 2lb - Smart Nutrition - Chocolate,Smart Nutrition
2173,Whey Pure 2lb - Smart Nutrition - Fresa,Smart Nutrition
2174,Whey Pure 5lb - Smart Nutrition - Vainilla,Smart Nutrition
2175,Whey Pure 5lb - Smart Nutrition - Chocolate,Smart Nutrition
2176,Whey Pure 5lb - Smart Nutrition - Fresa,Smart Nutrition
2177,Proton Whey 2lb - Smartmuscle,Smartmuscle
2178,Hydrolized Whey Protein Isolate  2lb - Sascha Fitness - Chocolate,Sascha Fitness
2179,Hydrolized Whey Protein Isolate  2lb - Sascha Fitness - Vainilla,Sascha Fitness
2180,Hydrolized Whey Protein Isolate  2lb - Sascha Fitness - Vainilla Horchata,Sascha Fitness
2181,Isowhey Isolate 2lb - IMN - Vainilla,IMN
2182,Isowhey Isolate 2lb - IMN - Chocolate,IMN
2183,Isowhey Isolate 2lb - IMN - Fresa,IMN
2184,Isowhey Isolate 2lb - IMN - Vainilla Banano,IMN
2185,Isowhey Isolate 6lb - IMN - Vainilla,IMN
2186,Isowhey Isolate 6lb - IMN - Chocolate,IMN
2187,Pure Iso 15 Serv  -  Xtrong Labs,Xtrong Labs
2188,Whey Gold Standard 2lb - Optimum Nutrition - Fresa,Optimum Nutrition
2189,Whey Gold Standard 2lb - Optimum Nutrition - French Vainilla,Optimum Nutrition
2190,Vegan Protein 2lb - Healthy Sports - Vainilla,Healthy Sports
2191,Whey Gold Standard 2lb - Optimum Nutrition - Cookies and Cream,Optimum Nutrition
2192,Iso 100 1.3lb - Dymatize - Capuchino Dunkin' Special Edition,Dymatize
2193,Iso 100 1.3lb - Dymatize - Latte de moca Dunkin' Special Edition,Dymatize
2194,Bi Pro Classic Sachet - Nutramerican Pharma - Vainilla,Nutramerican Pharma
2195,Iso 100 1.3lb - Dymatize - Latte de moca Dunkin' Special Edition,Dymatize
2196,Bi Pro Classic 3lb - Nutramerican Pharma - Cappuccino and Whisky Cream,Nutramerican Pharma
2197,Bi Pro Classic Caja Sachet x18 - Nutramerican Pharma,Nutramerican Pharma
2198,Bi Pro Complex 2lb - Nutramerican Pharma,Nutramerican Pharma
2199,Bi Pro Ripped 2lb - Nutramerican Pharma,Nutramerican Pharma
2200A,Best Protein Sachet - Proscience,Proscience
2201A,Best Protein Caja Sachet x12 - Proscience,Proscience
2202A,Cbum Itholate 2lb - RAW,RAW
2203A,Cbum Itholate 5lb - RAW,RAW
2204A,Nutra Vegan Protein 400g - Nutramerican Pharma,Nutramerican Pharma
2205A,Isoclean 2lb - Nutramerican Pharma,Nutramerican Pharma
2206A,Whey Gold Standard 300 gr - Optimum Nutrition - Vainilla,Optimum Nutrition
,,
2200,Bi Pro Mass 3lb - Nutramerican Pharma - Vainilla,Nutramerican Pharma
2201,Carnivor Mass 6lb - MuscleMeds,MuscleMeds
2202,Carnivor Mass 10lb - MuscleMeds - Chocolate,MuscleMeds
2203,Hiper Max 5lb - Elite Max - Vainilla,Elite Max
2204,Mass Tech Extreme 2000 20lb - Muscletech - Vainilla,Muscletech
2205,Mass Tech Extreme 2000 6lb - Muscletech - Vainilla,Muscletech
2206,Mega Mass Gainer 10lb - TNT - Vainilla,TNT
2207,Mega Mass Gainer 3lb - TNT - Vainilla,TNT
2208,Megaplex Creatine Power 10lb - Nutramerican Pharma - Vainilla,Nutramerican Pharma
2209,Megaplex Creatine Power 2lb - Nutramerican Pharma - Vainilla,Nutramerican Pharma
2210,Proton Gainer 3lb - Smartmuscle,Smartmuscle
2211,Proton Gainer 6lb - Smartmuscle,Smartmuscle
2212,Serious Mass 6lb - Optimum Nutrition - Vainilla,Optimum Nutrition
2213,Serious Mass 12lb - Optimum Nutrition - Vainilla,Optimum Nutrition
2214,Smart Gainer 3lb - Proscience - Vainilla Gourmet,Proscience
2215,Smart Gainer 3lb - Proscience - Chocolate Gourmet,Proscience
2216,Smart Gainer 3lb - Proscience - Fresa,Proscience
2217,Smart Gainer 3lb - Proscience - Coco Blue,Proscience
2218,Smart Gainer 13lb - Proscience - Vainilla Gourmet,Proscience
2219,Smart Gainer 13lb - Proscience - Chocolate Gourmet,Proscience
2220,Smart Gainer 13lb - Proscience - Fresa,Proscience
2221,Smart Gainer 13lb - Proscience - Coco Blue,Proscience
2222,Super Mass Gainer 6lb - Dymatize - Vainilla,Dymatize
2223,Super Mass Gainer 6lb - Dymatize - Chocolate,Dymatize
2224,Super Mass Gainer 12lb - Dymatize - Vainilla,Dymatize
2225,Super Mass Gainer 12lb - Dymatize - Chocolate,Dymatize
2226,Super Mass Gainer 12lb - Dymatize - Cookies and Cream,Dymatize
2227,Super Mega Gainer 5lb - Gmn,Gmn
2228,The Whey Of Gain 3lb - IMN - Chocolate,IMN
2229,Titan Army 2lb - Vitanas,Vitanas
2230,Viga 2lb - Fitmafia,Fitmafia
2231,The Whey Of Gain 3lb - IMN - Vainilla,IMN
2232,The Whey Of Gain 6lb - IMN - Chocolate,IMN
2233,The Whey Of Gain 6lb - IMN - Vainilla,IMN
2234,Barbarus - Healthy Sports - 910g  French Vainilla,Healthy Sports
2235,Mass Evolution 2lb - Smart Nutrition,Smart Nutrition
2236,Mass Evolution 4lb - Smart Nutrition,Smart Nutrition
2237,Mass Evolution 10lb - Smart Nutrition,Smart Nutrition
2238,Mega Mass Gainer 6lb - TNT - Vainilla,TNT
2239,Smart Gainer 2lb - Proscience,Proscience
2240,Viga 7lb - Fitmafia,Fitmafia
2241,Gainz 3lb - Nutramerican Pharma,Nutramerican Pharma
2242,Gainz 6lb - Nutramerican Pharma,Nutramerican Pharma
2243,Smart Gainer 6lb - Proscience,Proscience
2044,Mass Evolution 7lb - Smart Nutrition,Smart Nutrition
,,
2300,Preworkout C4 30 Serv - Cellucor - Fruit Punch,Cellucor
2301,Preworkout C4 60 Serv - Cellucor - Fruit Punch,Cellucor
2302,Preworkout C4 60 Serv - Cellucor - Watermelon,Cellucor
2303,Preworkout C4 Energy Lata 473ml - Cellucor - Lemon,Cellucor
2304,Preworkout C4 Energy Lata 473ml - Cellucor - Skittle,Cellucor
2305,Preworkout C4 Ripped 30 Serv - Cellucor - Fruit Punch,Cellucor
2306,Preworkout Energy Up 20 Sobres + Shaker - Gmn,Gmn
2307,Preworkout Energy X 30 Und - Nutramerican Pharma,Nutramerican Pharma
2308,Preworkout Intenze 14 Serv - Proscience - Fruit Punch,Proscience
2309,Preworkout Intenze 30 Serv - Proscience - Fruit Punch,Proscience
2310,Preworkout Intenze 30 Serv - Proscience - Watermelon,Proscience
2311,Preworkout Intenze 30 Serv - Proscience - Citrus Punch,Proscience
2312,Preworkout Monster Test Exreme 60 Caps - Angry Supplements,Angry Supplements
2313,Preworkout No-xplode - 30 Serv,xplode
2314,Preworkout Psychotic Gold 35 Serv - Insane Labz,Insane Labz
2315,Preworkout Stimul 8 35 Serv - Finaflex,Finaflex
2316,Preworkout Cafeína 90 Caps - Hard Blends,Hard Blends
2317,Preworkout Myth Lata 250ml - Nutramerican Pharma,Nutramerican Pharma
2318,Preworkout C4 60 Serv - Cellucor - Strawberry Margarita,Cellucor
2319,Preworkout C4 30 Serv - Cellucor - Green Apple,Cellucor
2320,Preworkout C4 30 Serv - Cellucor - Watermelon,Cellucor
2321,Preworkout C4 60 Serv - Cellucor - Icy Blue Razz,Cellucor
2322,Preworkout C4 Energy Lata 355ml - Cellucor - Tropical Passionfruit,Cellucor
2323,Preworkout C4 Energy Lata 355ml - Cellucor - Black Cherry,Cellucor
2324,Preworkout C4 30 Serv - Cellucor - Mango Foxtrot - New Flavor,Cellucor
2325,Preworkout C4 Energy Lata 473ml - Cellucor - Cherry Limeade,Cellucor
2326,Preworkout INTENZE VITALITY - Proscience - Preentreno en Lata - Energy Drink / Bebida energizante 295 ml - MAS FOCUS,Proscience
2327,Preworkout  INTENZE READY - Proscience -Preentreno en Lata - Energy Drink / Bebida energizante 295 ml - MAS ENERGIA,Proscience
2328,Preworkout Pase 30 serv - Fitmafia,Fitmafia
2329,Preworkout Pase Sachet - Fitmafia,Fitmafia
2330,Preworkout Nitrox 200g - Smart Nutrition,Smart Nutrition
2331,Preworkout Intenze Sachet - Proscience,Proscience
2332,Preworkout Intenze Caja Sachet x12 - Proscience,Proscience
2333,Preworkout Energy X 25 und + Termo - Nutramerican Pharma,Nutramerican Pharma
2334,Preworkout Intenze Vitaly x12 - Proscience,Proscience
2335,Preworkout Intenze Ready x12 - Proscience,Proscience
2336,Preworkout Cafeína 125 Caps - Muscletech,Muscletech
2337,Preworkout Venom Inferno - Dragon Pharma,Dragon Pharma
2338,Preworkout Pump Nox 540g - Smart Nutrition,Smart Nutrition
2339,Preworkout Psychotic 60 Serv - Insane Labz,Insane Labz
,,
2400,Burner Hydroxycut Elite 100 Caps - Muscletech,Muscletech
2401,Burner Hydroxycut Platinum 60 Caps - Muscletech,Muscletech
2402,Burner Lipo 6 Black Hers Ultra Concentrado 60 Caps - Nutrex,Nutrex
2403,Burner Lipo 6 Black Ultra Concentrado 60 Caps - Nutrex,Nutrex
2404,Burner Lipo 6 Black Intenze 120 Caps - Nutrex,Nutrex
2405,Burner Lipocore Advance 90 Caps - Elitepharma,Elitepharma
2406,Burner Lipodrene Xtreme Rojo Weight Loss 90 Caps - Hitech,Hitech
2407,Burner Stack 60 Serv - Nutramerican Pharma,Nutramerican Pharma
2408,Burner Stack Lata 250ml - Nutramerican Pharma,Nutramerican Pharma
2409,Turn On Fire 60 Caps - IMN,IMN
2410,Burner Fit 9 - Sascha Fittness,Sascha Fittness
2411,Burner Lipodrene Amarillo Weight Loss 90 Caps - Hitech,Hitech
2412,Burner Lipodrene Negro Weight Loss 90 Caps - Hitech,Hitech
2413,Smart Burner - Smart Nutrition,Smart Nutrition
,,
2500,Aminoácidos Amino X 30 Serv - BSN - Fruit Punch,BSN
2501,Aminoácidos Army EAA'S 30 Serv - Proscience,Proscience
2502,Aminoácidos Nitro Shock 26 Serv - Nutramerican Pharma,Nutramerican Pharma
2503,Aminoácidos Smart Stack 20 Serv - Smart Nutrition - Morazul,Smart Nutrition
2504,Aminoácidos Smart Stack 20 Serv - Smart Nutrition - Mandarina,Smart Nutrition
2505,Aminoácidos Best Bcaa 30 Serv - Bpi,Bpi
2506,Amino energy 30 Serv - Optimun Nutrition - Fruit Punch,Optimun Nutrition
2507,Amino energy 65 Serv - Optimun Nutrition - Uva,Optimun Nutrition
2508,Aminoácido LArginina 60 Serv - Healthy Sports,Healthy Sports
2509,Aminoácidos Glutamine Decanate - Musclemeds,Musclemeds
2510,Aminoácidos Elitemax Argimax - Elitemax,Elitemax
2511,Aminoácidos Betalanina  120 caps - Healthy Sports,Healthy Sports
2512,Amino X 30 Serv - Bsn - Watermelon,Bsn
2513,Amino X 30 Serv - Bsn - Uva,Bsn
2514,Lipo 6 Carnitine 60 Liquid Capsules - Nutrex,Nutrex
2515,Aminoácidos Amino X 70 Serv - Bsn - Fruit Punch,Bsn
2516,Aminoácidos Army EAA'S Sachet - Proscience,Proscience
2517,Aminoácidos Army EAA'S Sachet x20 - Proscience,Proscience
,,
2600,Multivitamínico Animal Pak Polvo 44 Serv - Universal Nutrition,Universal Nutrition
2601,Multivitamínico Multibears 60 Gummies Biotina + Vitamina E + Colágeno -,
2602,Multivitamínico Platinum Multivitamin 90 Caps - Muscletech,Muscletech
2603,Multivitamínico The One 30 Serv - Proscience,Proscience
2604,Multivitamínico Shield 30 Serv - Proscience,Proscience
2605,Imunobites Gomitas Saúco + Vitamina C + Zinc - Imunology,Imunology
2606,Multivitamínico Opti Men 150 caps - Optimum Nutrition,Optimum Nutrition
2607,Multivitamínico Opti Men 90 caps - Optimum Nutrition,Optimum Nutrition
2608,Multivitamínico Opti Women 60caps - Optimum Nutrition,Optimum Nutrition
2609,Multivitamínico Opti Women 120caps - Optimum Nutrition,Optimum Nutrition
2610,Vitamina C  Nutra C 500g - Nutramerican Pharma,Nutramerican Pharma
2611,Multivitamínico Platinum Multivitamin 180 Caps - Muscletech,Muscletech
,,
2700,Alpha Test 120 Caps - Muscletech - Precursor De Testosterona,Muscletech
2701,Cereal Con Proteína Pops - Proscience,Proscience
2702,Omega 3 120 Caps - Proscience,Proscience
2703,Protein Pancakes - Nutramerican Pharma,Nutramerican Pharma
2704,Yohimbina 120 Caps - Hard Blends,Hard Blends
2705,Citrato de magnesio 60 Caps - Naturally,Naturally
2706,Colageno Hidrolizado 700g - Nutrigenl,Nutrigenl
2707,Colageno Hidrolizado 450g - Nutrigenl,Nutrigenl
2708,Colágeno hidrolizado - Sascha Fitness - Sin sabor,Sascha Fitness
2709,Colágeno hidrolizado - Sascha Fitness - Chocolate,Sascha Fitness
2710,Restore 120 caps - Sascha Fitness,Sascha Fitness
2711,Platinum 100% Fish Oil - Muscletech,Muscletech
2712,Glutamina Glutastack 30 serv - Nutramerican Pharma,Nutramerican Pharma
2713,Glutamina 60 servs - Hard Blends,Hard Blends
2714,Protein Cakes - Nutramerican Pharma - Chocolate,Nutramerican Pharma
2715,Pancakes y Waffles 15 serv - Xtrong lab,Xtrong lab
2716,Colageno IMN 24 serv - IMN - Te Chai,IMN
2717,Colageno IMN 24 serv - IMN - Red Fusion,IMN
2718,Vitamina C - IMN,IMN
2719,Multimn - IMN,IMN
2720,Nova Boost - IMN,IMN
2721,Senior - IMN,IMN
2722,Colageno Stack - Nutramerican Pharma,Nutramerican Pharma
2723,Super Magnesium 100 softgels - Healthy America,Healthy America
2724,Snack Bites - Macroblends,Macroblends
2725,Snack Nuggets - Macroblends,Macroblends
2726,Omega 3 100 softgels 1200MG - Healthy America,Healthy America
2727,Probioticos 60  Gummies - Healthy America,Healthy America
2728,Glutamina Platinum 300g - Muscletech,Muscletech
2729,Resveratrol 700mg 120 Caps - Nutricost,Nutricost
2730,Reswine 260mg 60 Caps - Healthy America,Healthy America
2731,Crema de Arroz 550g  - Anabolic Cream,Anabolic Cream
2732,Melatonina Gomitas 160 gr - Pritel,Pritel
2733,Glutamina - Smart Nutrition - Lima Limon,Smart Nutrition
2734,Glutamina - Smart Nutrition - Maracuyá con electrolitos,Smart Nutrition
2735,KSM 66 ASHWAGANDA - Proscience,Proscience
2736,Cereal Nutra Pops - Nutramerican Pharma,Nutramerican Pharma
,,
3000,Mini Botella Proteína Portátil - Optimum Nutrition,Optimum Nutrition
3001,Termo Proteína - Shakerfit,Shakerfit
3002,Termo Proteína Shaker - Macroblends,Macroblends
3003,Termo 620ml - Muscletech - Negro,Muscletech
3004,Termo Proteína - Proscience,Proscience
3005,Termo Proteína Shaker - Colsports,Colsports
3006,Termo Proteína Mezclador Shaker - Animal - Negro,Animal
3007,Termo Proteína Mezclador Shaker - Animal - Amarillo,Animal
3008,Termo Proteína Mezclador Shaker - Animal  - Verde,Animal
3009,Termo Proteína Mezclador Shaker - Animal - Gris,Animal
3010,Termo Proteína Mezclador Shaker 700 ml - Nutrex ,Nutrex
3011,Termo Proteína Mezclador Shaker 3  Compartimientos - Proscience,Proscience
3012,Termo Proteína Mezclador Shaker 3  Compartimientos - Bodyplus,Bodyplus
3013,Mini Botella Proteína Portátil -  Proscience - Best Protein,Proscience
3014,,
3015,,
3016,,
3017,,
3018,,
,,
,,
,,
4000,Combo BI PRO CLASSIC 2 LB + CREASMART 92 SERV,Combo BI PRO CLASSIC 2 LB + CREASMART 92 SERV
4001,Combo WHEY GOLD  2 LB + CREASMART 92 SERV,Combo WHEY GOLD 2 LB + CREASMART 92 SERV
4002,Combo WHEY PURE  2 LB + CREASMART 92 SERV,Combo WHEY PURE 2 LB + CREASMART 92 SERV
4003,Combo WHEY PURE 2 LB + CREATINA IN 100 SERV,Combo WHEY PURE 2 LB + CREATINA IN 100 SERV
4004,Combo ISO 100 1.3 lb + CREASMART 92 SERV,Combo ISO 100 1.3 lb + CREASMART 92 SERV
4005,Combo ISO 100 1.3 lb + CREATINA PLATINUM 80 SERV,Combo ISO 100 1.3 lb + CREATINA PLATINUM 80 SERV
4006,Creatina IMN + Proteína BiPro – Pack Fitness para Amor y Amistad,Creatina IMN + Proteína BiPro – Pack Fitness para Amor y Amistad